event_id,event_year,latitude,longitude,sshs,magnitude,disaster_type,disaster_subtype,location,event_date,deaths,affected_population,damage_000_usd,source_dataset
2000088N08090,2000,12.444,88.87200000000001,-5,,Cyclone,Tropical Cyclone,"12.4440, 88.8720",2000-01-01,,,,cyclone_tracks
2000236N17084,2000,17.025,82.075,-5,,Cyclone,Tropical Cyclone,"17.0250, 82.0750",2000-01-01,,,,cyclone_tracks
2000289N15089,2000,14.34,84.66571428571429,0,,Cyclone,Tropical Cyclone,"14.3400, 84.6657",2000-01-01,,,,cyclone_tracks
2000299N13093,2000,18.916666666666668,90.01,0,,Cyclone,Tropical Cyclone,"18.9167, 90.0100",2000-01-01,,,,cyclone_tracks
2000331N09092,2000,10.83,73.85125000000001,1,,Cyclone,Tropical Cyclone,"10.8300, 73.8513",2000-01-01,,,,cyclone_tracks
2000358N08086,2000,8.366666666666667,81.36874999999999,1,,Cyclone,Tropical Cyclone,"8.3667, 81.3687",2000-01-01,,,,cyclone_tracks
2001141N14068,2001,17.37313432835821,68.8641791044776,3,,Cyclone,Tropical Cyclone,"17.3731, 68.8642",2001-01-01,,,,cyclone_tracks
2001163N20087,2001,20.466666666666665,85.94166666666666,-5,,Cyclone,Tropical Cyclone,"20.4667, 85.9417",2001-01-01,,,,cyclone_tracks
2001267N17070,2001,17.94054054054054,66.1,0,,Cyclone,Tropical Cyclone,"17.9405, 66.1000",2001-01-01,,,,cyclone_tracks
2001281N18071,2001,18.709756097560977,67.54634146341463,0,,Cyclone,Tropical Cyclone,"18.7098, 67.5463",2001-01-01,,,,cyclone_tracks
2001288N13084,2001,13.915789473684208,81.03684210526316,-5,,Cyclone,Tropical Cyclone,"13.9158, 81.0368",2001-01-01,,,,cyclone_tracks
2001313N12084,2001,14.62962962962963,83.27777777777777,-1,,Cyclone,Tropical Cyclone,"14.6296, 83.2778",2001-01-01,,,,cyclone_tracks
2001361N01106,2001,3.1076923076923078,95.95897435897436,1,,Cyclone,Tropical Cyclone,"3.1077, 95.9590",2001-01-01,,,,cyclone_tracks
2002126N09068,2002,13.37560975609756,60.800000000000004,0,,Cyclone,Tropical Cyclone,"13.3756, 60.8000",2002-01-01,,,,cyclone_tracks
2002129N08096,2002,12.692592592592591,95.74444444444444,0,,Cyclone,Tropical Cyclone,"12.6926, 95.7444",2002-01-01,,,,cyclone_tracks
2002295N14082,2002,13.9,81.5,-5,,Cyclone,Tropical Cyclone,"13.9000, 81.5000",2002-01-01,,,,cyclone_tracks
2002314N12083,2002,15.579166666666666,84.58333333333333,0,,Cyclone,Tropical Cyclone,"15.5792, 84.5833",2002-01-01,,,,cyclone_tracks
2002327N10089,2002,14.957446808510639,88.98936170212765,0,,Cyclone,Tropical Cyclone,"14.9574, 88.9894",2002-01-01,,,,cyclone_tracks
2002355N04077,2002,4.889473684210526,81.70263157894736,0,,Cyclone,Tropical Cyclone,"4.8895, 81.7026",2002-01-01,,,,cyclone_tracks
2003129N05091,2003,12.118478260869566,88.44673913043479,0,,Cyclone,Tropical Cyclone,"12.1185, 88.4467",2003-01-01,,,,cyclone_tracks
2003206N21089,2003,22.316,82.76,-5,,Cyclone,Tropical Cyclone,"22.3160, 82.7600",2003-01-01,,,,cyclone_tracks
2003240N21089,2003,20.833333333333332,86.5,-5,,Cyclone,Tropical Cyclone,"20.8333, 86.5000",2003-01-01,,,,cyclone_tracks
2003279N17084,2003,20.310714285714287,84.05714285714285,-5,,Cyclone,Tropical Cyclone,"20.3107, 84.0571",2003-01-01,,,,cyclone_tracks
2003295N09101,2003,12.603508771929825,95.79649122807017,0,,Cyclone,Tropical Cyclone,"12.6035, 95.7965",2003-01-01,,,,cyclone_tracks
2003315N09067,2003,5.850793650793651,56.98571428571429,1,,Cyclone,Tropical Cyclone,"5.8508, 56.9857",2003-01-01,,,,cyclone_tracks
2003345N05092,2003,10.795348837209302,85.53720930232558,0,,Cyclone,Tropical Cyclone,"10.7953, 85.5372",2003-01-01,,,,cyclone_tracks
2004125N11074,2004,13.221153846153847,72.54230769230769,0,,Cyclone,Tropical Cyclone,"13.2212, 72.5423",2004-01-01,,,,cyclone_tracks
2004136N15090,2004,17.990243902439026,91.03414634146341,1,,Cyclone,Tropical Cyclone,"17.9902, 91.0341",2004-01-01,,,,cyclone_tracks
2004162N18068,2004,17.86,65.968,-5,,Cyclone,Tropical Cyclone,"17.8600, 65.9680",2004-01-01,,,,cyclone_tracks
2004163N15090,2004,18.488888888888887,86.47777777777777,-5,,Cyclone,Tropical Cyclone,"18.4889, 86.4778",2004-01-01,,,,cyclone_tracks
2004256N23089,2004,22.728571428571428,88.10714285714286,-5,,Cyclone,Tropical Cyclone,"22.7286, 88.1071",2004-01-01,,,,cyclone_tracks
2004274N16069,2004,19.946835443037973,68.0886075949367,0,,Cyclone,Tropical Cyclone,"19.9468, 68.0886",2004-01-01,,,,cyclone_tracks
2004276N12087,2004,14.411764705882353,84.67647058823529,-5,,Cyclone,Tropical Cyclone,"14.4118, 84.6765",2004-01-01,,,,cyclone_tracks
2004281N23087,2004,23.444444444444443,88.44444444444444,-5,,Cyclone,Tropical Cyclone,"23.4444, 88.4444",2004-01-01,,,,cyclone_tracks
2004307N09068,2004,13.357894736842105,63.24035087719298,0,,Cyclone,Tropical Cyclone,"13.3579, 63.2404",2004-01-01,,,,cyclone_tracks
2004319N10134,2004,12.176470588235293,117.57450980392157,4,,Cyclone,Tropical Cyclone,"12.1765, 117.5745",2004-01-01,,,,cyclone_tracks
2004332N02072,2004,5.034328358208955,59.43134328358209,1,,Cyclone,Tropical Cyclone,"5.0343, 59.4313",2004-01-01,,,,cyclone_tracks
2005007N04085,2005,4.893103448275863,83.76206896551724,-1,,Cyclone,Tropical Cyclone,"4.8931, 83.7621",2005-01-01,,,,cyclone_tracks
2005012N04090,2005,5.138297872340425,87.34468085106383,0,,Cyclone,Tropical Cyclone,"5.1383, 87.3447",2005-01-01,,,,cyclone_tracks
2005172N22069,2005,21.95,67.94166666666666,-5,,Cyclone,Tropical Cyclone,"21.9500, 67.9417",2005-01-01,,,,cyclone_tracks
2005179N22088,2005,24.170769230769228,82.29384615384616,-5,,Cyclone,Tropical Cyclone,"24.1708, 82.2938",2005-01-01,,,,cyclone_tracks
2005210N21088,2005,21.53,86.295,-5,,Cyclone,Tropical Cyclone,"21.5300, 86.2950",2005-01-01,,,,cyclone_tracks
2005255N20088,2005,23.50277777777778,80.94166666666666,-5,,Cyclone,Tropical Cyclone,"23.5028, 80.9417",2005-01-01,,,,cyclone_tracks
2005257N15120,2005,15.141666666666667,112.64999999999999,0,,Cyclone,Tropical Cyclone,"15.1417, 112.6500",2005-01-01,,,,cyclone_tracks
2005257N20069,2005,20.78,67.97999999999999,-5,,Cyclone,Tropical Cyclone,"20.7800, 67.9800",2005-01-01,,,,cyclone_tracks
2005260N20091,2005,19.466666666666665,84.16666666666667,-5,,Cyclone,Tropical Cyclone,"19.4667, 84.1667",2005-01-01,,,,cyclone_tracks
2005262N13127,2005,18.77567567567568,115.0054054054054,2,,Cyclone,Tropical Cyclone,"18.7757, 115.0054",2005-01-01,,,,cyclone_tracks
2005274N17086,2005,19.647058823529413,86.74705882352941,0,,Cyclone,Tropical Cyclone,"19.6471, 86.7471",2005-01-01,,,,cyclone_tracks
2005298N12088,2005,13.473529411764707,82.93823529411765,0,,Cyclone,Tropical Cyclone,"13.4735, 82.9382",2005-01-01,,,,cyclone_tracks
2005324N08085,2005,8.552631578947368,82.42105263157895,-5,,Cyclone,Tropical Cyclone,"8.5526, 82.4211",2005-01-01,,,,cyclone_tracks
2005330N09096,2005,11.744444444444444,85.98253968253968,0,,Cyclone,Tropical Cyclone,"11.7444, 85.9825",2005-01-01,,,,cyclone_tracks
2005338N09093,2005,9.97536231884058,83.9623188405797,0,,Cyclone,Tropical Cyclone,"9.9754, 83.9623",2005-01-01,,,,cyclone_tracks
2005349N06090,2005,10.830666666666666,85.29466666666667,0,,Cyclone,Tropical Cyclone,"10.8307, 85.2947",2005-01-01,,,,cyclone_tracks
2006012N03081,2006,7.057627118644067,69.08474576271186,0,,Cyclone,Tropical Cyclone,"7.0576, 69.0847",2006-01-01,,,,cyclone_tracks
2006114N08090,2006,12.744444444444444,91.22444444444446,4,,Cyclone,Tropical Cyclone,"12.7444, 91.2244",2006-01-01,,,,cyclone_tracks
2006182N20088,2006,20.84054054054054,84.60810810810811,0,,Cyclone,Tropical Cyclone,"20.8405, 84.6081",2006-01-01,,,,cyclone_tracks
2006214N20088,2006,20.192592592592593,83.48888888888888,-5,,Cyclone,Tropical Cyclone,"20.1926, 83.4889",2006-01-01,,,,cyclone_tracks
2006224N21088,2006,21.5,86.0625,-5,,Cyclone,Tropical Cyclone,"21.5000, 86.0625",2006-01-01,,,,cyclone_tracks
2006228N21088,2006,21.789473684210527,82.94736842105263,-5,,Cyclone,Tropical Cyclone,"21.7895, 82.9474",2006-01-01,,,,cyclone_tracks
2006241N20088,2006,22.826923076923077,80.9423076923077,-5,,Cyclone,Tropical Cyclone,"22.8269, 80.9423",2006-01-01,,,,cyclone_tracks
2006247N21089,2006,21.25,86.125,-5,,Cyclone,Tropical Cyclone,"21.2500, 86.1250",2006-01-01,,,,cyclone_tracks
2006262N19069,2006,19.91186440677966,66.79322033898305,0,,Cyclone,Tropical Cyclone,"19.9119, 66.7932",2006-01-01,,,,cyclone_tracks
2006264N23087,2006,23.354166666666668,85.97916666666667,-5,,Cyclone,Tropical Cyclone,"23.3542, 85.9792",2006-01-01,,,,cyclone_tracks
2006271N18089,2006,18.68235294117647,86.23529411764706,0,,Cyclone,Tropical Cyclone,"18.6824, 86.2353",2006-01-01,,,,cyclone_tracks
2006300N07078,2006,12.844444444444445,79.90370370370371,0,,Cyclone,Tropical Cyclone,"12.8444, 79.9037",2006-01-01,,,,cyclone_tracks
2006329N06150,2006,11.00625,113.0375,4,,Cyclone,Tropical Cyclone,"11.0062, 113.0375",2006-01-01,,,,cyclone_tracks
2007133N15091,2007,17.76111111111111,91.36666666666666,1,,Cyclone,Tropical Cyclone,"17.7611, 91.3667",2007-01-01,,,,cyclone_tracks
2007151N14072,2007,19.160317460317458,64.4047619047619,5,,Cyclone,Tropical Cyclone,"19.1603, 64.4048",2007-01-01,,,,cyclone_tracks
2007172N15088,2007,20.921818181818182,73.08909090909091,0,,Cyclone,Tropical Cyclone,"20.9218, 73.0891",2007-01-01,,,,cyclone_tracks
2007178N18089,2007,19.25185185185185,85.6,0,,Cyclone,Tropical Cyclone,"19.2519, 85.6000",2007-01-01,,,,cyclone_tracks
2007300N11068,2007,11.24,66.748,0,,Cyclone,Tropical Cyclone,"11.2400, 66.7480",2007-01-01,,,,cyclone_tracks
2007314N10093,2007,13.9375,90.54166666666667,5,,Cyclone,Tropical Cyclone,"13.9375, 90.5417",2007-01-01,,,,cyclone_tracks
2008117N11090,2008,14.24927536231884,89.48695652173913,4,,Cyclone,Tropical Cyclone,"14.2493, 89.4870",2008-01-01,,,,cyclone_tracks
2008157N16066,2008,18.6875,63.28125,-5,,Cyclone,Tropical Cyclone,"18.6875, 63.2812",2008-01-01,,,,cyclone_tracks
2008168N22090,2008,22.75294117647059,88.5529411764706,-5,,Cyclone,Tropical Cyclone,"22.7529, 88.5529",2008-01-01,,,,cyclone_tracks
2008223N20086,2008,21.125,85.6375,-5,,Cyclone,Tropical Cyclone,"21.1250, 85.6375",2008-01-01,,,,cyclone_tracks
2008259N20089,2008,21.75588235294118,84.82941176470588,0,,Cyclone,Tropical Cyclone,"21.7559, 84.8294",2008-01-01,,,,cyclone_tracks
2008293N09060,2008,11.788888888888888,54.27777777777778,-1,,Cyclone,Tropical Cyclone,"11.7889, 54.2778",2008-01-01,,,,cyclone_tracks
2008298N16085,2008,18.504,87.59200000000001,0,,Cyclone,Tropical Cyclone,"18.5040, 87.5920",2008-01-01,,,,cyclone_tracks
2008317N11089,2008,12.94864864864865,84.6054054054054,0,,Cyclone,Tropical Cyclone,"12.9486, 84.6054",2008-01-01,,,,cyclone_tracks
2008329N09082,2008,10.364516129032259,80.0516129032258,0,,Cyclone,Tropical Cyclone,"10.3645, 80.0516",2008-01-01,,,,cyclone_tracks
2008338N06092,2008,7.250909090909091,84.32909090909092,0,,Cyclone,Tropical Cyclone,"7.2509, 84.3291",2008-01-01,,,,cyclone_tracks
2009104N13088,2009,16.94242424242424,87.98787878787878,0,,Cyclone,Tropical Cyclone,"16.9424, 87.9879",2009-01-01,,,,cyclone_tracks
2009143N17089,2009,19.78965517241379,88.43448275862069,1,,Cyclone,Tropical Cyclone,"19.7897, 88.4345",2009-01-01,,,,cyclone_tracks
2009174N18072,2009,20.188888888888886,71.14444444444445,-5,,Cyclone,Tropical Cyclone,"20.1889, 71.1444",2009-01-01,,,,cyclone_tracks
2009176N23069,2009,22.7,68.5,-5,,Cyclone,Tropical Cyclone,"22.7000, 68.5000",2009-01-01,,,,cyclone_tracks
2009201N21089,2009,21.45,86.74,-5,,Cyclone,Tropical Cyclone,"21.4500, 86.7400",2009-01-01,,,,cyclone_tracks
2009247N19089,2009,22.066666666666666,86.74,0,,Cyclone,Tropical Cyclone,"22.0667, 86.7400",2009-01-01,,,,cyclone_tracks
2009313N11072,2009,14.825,71.775,0,,Cyclone,Tropical Cyclone,"14.8250, 71.7750",2009-01-01,,,,cyclone_tracks
2009344N06085,2009,8.68157894736842,83.34210526315789,0,,Cyclone,Tropical Cyclone,"8.6816, 83.3421",2009-01-01,,,,cyclone_tracks
2010136N09057,2010,10.972881355932204,54.28983050847457,0,,Cyclone,Tropical Cyclone,"10.9729, 54.2898",2010-01-01,,,,cyclone_tracks
2010137N10090,2010,13.795121951219512,83.50487804878048,1,,Cyclone,Tropical Cyclone,"13.7951, 83.5049",2010-01-01,,,,cyclone_tracks
2010151N14065,2010,20.025396825396825,62.67301587301588,4,,Cyclone,Tropical Cyclone,"20.0254, 62.6730",2010-01-01,,,,cyclone_tracks
2010280N17085,2010,20.392857142857142,87.18571428571428,-5,,Cyclone,Tropical Cyclone,"20.3929, 87.1857",2010-01-01,,,,cyclone_tracks
2010286N18090,2010,18.37391304347826,87.35217391304347,-5,,Cyclone,Tropical Cyclone,"18.3739, 87.3522",2010-01-01,,,,cyclone_tracks
2010293N17093,2010,19.08108108108108,93.3891891891892,4,,Cyclone,Tropical Cyclone,"19.0811, 93.3892",2010-01-01,,,,cyclone_tracks
2010305N06105,2010,9.368333333333334,90.9,0,,Cyclone,Tropical Cyclone,"9.3683, 90.9000",2010-01-01,,,,cyclone_tracks
2010341N14082,2010,15.1,81.275,-5,,Cyclone,Tropical Cyclone,"15.1000, 81.2750",2010-01-01,,,,cyclone_tracks
2011033N06083,2011,6.5,82.5,-5,,Cyclone,Tropical Cyclone,"6.5000, 82.5000",2011-01-01,,,,cyclone_tracks
2011160N18070,2011,19.437037037037037,71.08518518518518,0,,Cyclone,Tropical Cyclone,"19.4370, 71.0852",2011-01-01,,,,cyclone_tracks
2011167N22089,2011,23.45740740740741,84.79629629629629,-5,,Cyclone,Tropical Cyclone,"23.4574, 84.7963",2011-01-01,,,,cyclone_tracks
2011203N24085,2011,24.025,82.5875,-5,,Cyclone,Tropical Cyclone,"24.0250, 82.5875",2011-01-01,,,,cyclone_tracks
2011265N21088,2011,21.97,86.95,-5,,Cyclone,Tropical Cyclone,"21.9700, 86.9500",2011-01-01,,,,cyclone_tracks
2011290N15090,2011,18.692,90.164,0,,Cyclone,Tropical Cyclone,"18.6920, 90.1640",2011-01-01,,,,cyclone_tracks
2011302N13062,2011,15.547368421052632,56.473684210526315,0,,Cyclone,Tropical Cyclone,"15.5474, 56.4737",2011-01-01,,,,cyclone_tracks
2011310N11066,2011,13.837209302325581,59.89302325581396,0,,Cyclone,Tropical Cyclone,"13.8372, 59.8930",2011-01-01,,,,cyclone_tracks
2011330N06078,2011,13.625531914893617,69.30425531914894,0,,Cyclone,Tropical Cyclone,"13.6255, 69.3043",2011-01-01,,,,cyclone_tracks
2011360N09088,2011,11.512195121951219,84.69999999999999,2,,Cyclone,Tropical Cyclone,"11.5122, 84.7000",2011-01-01,,,,cyclone_tracks
2012285N21091,2012,22.05,91.14999999999999,-5,,Cyclone,Tropical Cyclone,"22.0500, 91.1500",2012-01-01,,,,cyclone_tracks
2012297N11067,2012,10.507142857142856,57.32142857142857,0,,Cyclone,Tropical Cyclone,"10.5071, 57.3214",2012-01-01,,,,cyclone_tracks
2012301N11087,2012,10.773333333333333,82.28,0,,Cyclone,Tropical Cyclone,"10.7733, 82.2800",2012-01-01,,,,cyclone_tracks
2012321N14090,2012,14.577966101694916,85.40338983050847,0,,Cyclone,Tropical Cyclone,"14.5780, 85.4034",2012-01-01,,,,cyclone_tracks
2012357N09064,2012,8.095652173913043,56.62173913043478,0,,Cyclone,Tropical Cyclone,"8.0957, 56.6217",2012-01-01,,,,cyclone_tracks
2013130N04093,2013,12.617543859649123,88.7877192982456,0,,Cyclone,Tropical Cyclone,"12.6175, 88.7877",2013-01-01,,,,cyclone_tracks
2013149N21090,2013,22.594736842105263,87.84210526315789,-5,,Cyclone,Tropical Cyclone,"22.5947, 87.8421",2013-01-01,,,,cyclone_tracks
2013211N21088,2013,21.85,83.58125,-5,,Cyclone,Tropical Cyclone,"21.8500, 83.5812",2013-01-01,,,,cyclone_tracks
2013232N22088,2013,22.844,83.92,-5,,Cyclone,Tropical Cyclone,"22.8440, 83.9200",2013-01-01,,,,cyclone_tracks
2013281N12098,2013,16.494545454545456,89.3890909090909,5,,Cyclone,Tropical Cyclone,"16.4945, 89.3891",2013-01-01,,,,cyclone_tracks
2013305N07141,2013,11.048427672955976,94.76540880503146,0,,Cyclone,Tropical Cyclone,"11.0484, 94.7654",2013-01-01,,,,cyclone_tracks
2013310N06066,2013,8.03061224489796,55.06530612244897,0,,Cyclone,Tropical Cyclone,"8.0306, 55.0653",2013-01-01,,,,cyclone_tracks
2013322N13090,2013,15.427906976744186,83.89302325581396,1,,Cyclone,Tropical Cyclone,"15.4279, 83.8930",2013-01-01,,,,cyclone_tracks
2013324N07103,2013,10.373333333333333,93.364,1,,Cyclone,Tropical Cyclone,"10.3733, 93.3640",2013-01-01,,,,cyclone_tracks
2013339N09084,2013,12.126984126984127,83.85555555555555,2,,Cyclone,Tropical Cyclone,"12.1270, 83.8556",2013-01-01,,,,cyclone_tracks
2014003N08086,2014,8.457446808510639,81.59148936170213,0,,Cyclone,Tropical Cyclone,"8.4574, 81.5915",2014-01-01,,,,cyclone_tracks
2014141N16091,2014,16.75,91.48125,-5,,Cyclone,Tropical Cyclone,"16.7500, 91.4813",2014-01-01,,,,cyclone_tracks
2014159N12068,2014,17.24705882352941,66.36470588235294,0,,Cyclone,Tropical Cyclone,"17.2471, 66.3647",2014-01-01,,,,cyclone_tracks
2014202N22087,2014,22.450000000000003,82.08888888888889,-5,,Cyclone,Tropical Cyclone,"22.4500, 82.0889",2014-01-01,,,,cyclone_tracks
2014216N21089,2014,23.375862068965517,83.33448275862068,-5,,Cyclone,Tropical Cyclone,"23.3759, 83.3345",2014-01-01,,,,cyclone_tracks
2014279N11096,2014,15.757575757575758,87.63939393939394,4,,Cyclone,Tropical Cyclone,"15.7576, 87.6394",2014-01-01,,,,cyclone_tracks
2014297N11062,2014,16.453424657534246,62.745205479452046,4,,Cyclone,Tropical Cyclone,"16.4534, 62.7452",2014-01-01,,,,cyclone_tracks
2014309N13088,2014,13.9,86.39714285714285,0,,Cyclone,Tropical Cyclone,"13.9000, 86.3971",2014-01-01,,,,cyclone_tracks
2015157N13069,2015,18.851020408163265,64.33469387755102,0,,Cyclone,Tropical Cyclone,"18.8510, 64.3347",2015-01-01,,,,cyclone_tracks
2015171N18086,2015,19.585714285714285,85.12142857142858,-5,,Cyclone,Tropical Cyclone,"19.5857, 85.1214",2015-01-01,,,,cyclone_tracks
2015173N20067,2015,21.55,70.68636363636364,-5,,Cyclone,Tropical Cyclone,"21.5500, 70.6864",2015-01-01,,,,cyclone_tracks
2015191N23085,2015,25.152631578947368,80.78947368421052,-5,,Cyclone,Tropical Cyclone,"25.1526, 80.7895",2015-01-01,,,,cyclone_tracks
2015207N22091,2015,22.325,90.04333333333334,-3,,Cyclone,Tropical Cyclone,"22.3250, 90.0433",2015-01-01,,,,cyclone_tracks
2015209N26072,2015,26.466666666666665,72.38095238095238,-5,,Cyclone,Tropical Cyclone,"26.4667, 72.3810",2015-01-01,,,,cyclone_tracks
2015216N23081,2015,22.7,78.81666666666666,-5,,Cyclone,Tropical Cyclone,"22.7000, 78.8167",2015-01-01,,,,cyclone_tracks
2015259N20084,2015,20.491666666666667,78.83749999999999,-5,,Cyclone,Tropical Cyclone,"20.4917, 78.8375",2015-01-01,,,,cyclone_tracks
2015280N13071,2015,14.268292682926829,70.27317073170731,0,,Cyclone,Tropical Cyclone,"14.2683, 70.2732",2015-01-01,,,,cyclone_tracks
2015301N11065,2015,13.49016393442623,57.52622950819672,4,,Cyclone,Tropical Cyclone,"13.4902, 57.5262",2015-01-01,,,,cyclone_tracks
2015309N14067,2015,13.093877551020409,57.03877551020408,3,,Cyclone,Tropical Cyclone,"13.0939, 57.0388",2015-01-01,,,,cyclone_tracks
2015312N11084,2015,11.623529411764705,80.95882352941176,-5,,Cyclone,Tropical Cyclone,"11.6235, 80.9588",2015-01-01,,,,cyclone_tracks
2016138N10081,2016,16.839024390243903,84.85365853658537,0,,Cyclone,Tropical Cyclone,"16.8390, 84.8537",2016-01-01,,,,cyclone_tracks
2016178N22068,2016,21.38695652173913,64.40434782608695,0,,Cyclone,Tropical Cyclone,"21.3870, 64.4043",2016-01-01,,,,cyclone_tracks
2016222N22089,2016,23.517857142857142,87.15357142857144,-5,,Cyclone,Tropical Cyclone,"23.5179, 87.1536",2016-01-01,,,,cyclone_tracks
2016230N21089,2016,23.6,83.06857142857143,-5,,Cyclone,Tropical Cyclone,"23.6000, 83.0686",2016-01-01,,,,cyclone_tracks
2016295N13089,2016,15.429850746268656,88.45671641791046,0,,Cyclone,Tropical Cyclone,"15.4299, 88.4567",2016-01-01,,,,cyclone_tracks
2016308N13088,2016,16.796666666666667,87.05333333333333,-5,,Cyclone,Tropical Cyclone,"16.7967, 87.0533",2016-01-01,,,,cyclone_tracks
2016335N07088,2016,9.7,82.85652173913044,0,,Cyclone,Tropical Cyclone,"9.7000, 82.8565",2016-01-01,,,,cyclone_tracks
2016341N08092,2016,11.575728155339805,77.30291262135923,2,,Cyclone,Tropical Cyclone,"11.5757, 77.3029",2016-01-01,,,,cyclone_tracks
2017104N08085,2017,14.175999999999998,90.208,0,,Cyclone,Tropical Cyclone,"14.1760, 90.2080",2017-01-01,,,,cyclone_tracks
2017147N14087,2017,17.96206896551724,90.85517241379311,1,,Cyclone,Tropical Cyclone,"17.9621, 90.8552",2017-01-01,,,,cyclone_tracks
2017163N20090,2017,22.772727272727273,90.51818181818182,-5,,Cyclone,Tropical Cyclone,"22.7727, 90.5182",2017-01-01,,,,cyclone_tracks
2017199N19086,2017,19.677777777777777,85.46666666666667,-5,,Cyclone,Tropical Cyclone,"19.6778, 85.4667",2017-01-01,,,,cyclone_tracks
2017207N24085,2017,24.0,85.0,-5,,Cyclone,Tropical Cyclone,"24.0000, 85.0000",2017-01-01,,,,cyclone_tracks
2017232N19130,2017,21.3,116.82608695652173,3,,Cyclone,Tropical Cyclone,"21.3000, 116.8261",2017-01-01,,,,cyclone_tracks
2017282N22088,2017,22.981818181818184,87.73636363636363,-5,,Cyclone,Tropical Cyclone,"22.9818, 87.7364",2017-01-01,,,,cyclone_tracks
2017292N17087,2017,17.8,86.42,-5,,Cyclone,Tropical Cyclone,"17.8000, 86.4200",2017-01-01,,,,cyclone_tracks
2017307N07102,2017,7.651219512195122,101.33658536585367,-1,,Cyclone,Tropical Cyclone,"7.6512, 101.3366",2017-01-01,,,,cyclone_tracks
2017319N15083,2017,17.41176470588235,84.38235294117646,-5,,Cyclone,Tropical Cyclone,"17.4118, 84.3824",2017-01-01,,,,cyclone_tracks
2017333N06082,2017,11.121052631578946,73.06491228070175,3,,Cyclone,Tropical Cyclone,"11.1211, 73.0649",2017-01-01,,,,cyclone_tracks
2017340N09089,2017,15.2,87.46176470588235,0,,Cyclone,Tropical Cyclone,"15.2000, 87.4618",2017-01-01,,,,cyclone_tracks
2018072N05076,2018,7.207142857142857,74.25714285714285,-5,,Cyclone,Tropical Cyclone,"7.2071, 74.2571",2018-01-01,,,,cyclone_tracks
2018136N11054,2018,11.77027027027027,47.105405405405406,1,,Cyclone,Tropical Cyclone,"11.7703, 47.1054",2018-01-01,,,,cyclone_tracks
2018141N08059,2018,13.67142857142857,55.28163265306123,3,,Cyclone,Tropical Cyclone,"13.6714, 55.2816",2018-01-01,,,,cyclone_tracks
2018148N17090,2018,18.616666666666667,92.4388888888889,0,,Cyclone,Tropical Cyclone,"18.6167, 92.4389",2018-01-01,,,,cyclone_tracks
2018161N22092,2018,22.68,91.42,-5,,Cyclone,Tropical Cyclone,"22.6800, 91.4200",2018-01-01,,,,cyclone_tracks
2018202N21088,2018,22.44375,86.2125,-5,,Cyclone,Tropical Cyclone,"22.4438, 86.2125",2018-01-01,,,,cyclone_tracks
2018219N21088,2018,21.583333333333332,86.13333333333333,-5,,Cyclone,Tropical Cyclone,"21.5833, 86.1333",2018-01-01,,,,cyclone_tracks
2018227N20086,2018,20.66875,81.425,-5,,Cyclone,Tropical Cyclone,"20.6687, 81.4250",2018-01-01,,,,cyclone_tracks
2018249N22088,2018,21.95,86.22999999999999,-5,,Cyclone,Tropical Cyclone,"21.9500, 86.2300",2018-01-01,,,,cyclone_tracks
2018263N17089,2018,19.645454545454545,83.11818181818181,0,,Cyclone,Tropical Cyclone,"19.6455, 83.1182",2018-01-01,,,,cyclone_tracks
2018279N11069,2018,13.632,59.328,2,,Cyclone,Tropical Cyclone,"13.6320, 59.3280",2018-01-01,,,,cyclone_tracks
2018281N14088,2018,17.515,86.0,3,,Cyclone,Tropical Cyclone,"17.5150, 86.0000",2018-01-01,,,,cyclone_tracks
2018314N12093,2018,11.761842105263158,80.6078947368421,1,,Cyclone,Tropical Cyclone,"11.7618, 80.6079",2018-01-01,,,,cyclone_tracks
2018347N07089,2018,10.828205128205129,85.27692307692308,0,,Cyclone,Tropical Cyclone,"10.8282, 85.2769",2018-01-01,,,,cyclone_tracks
2018365N08115,2018,9.120408163265306,101.24081632653062,0,,Cyclone,Tropical Cyclone,"9.1204, 101.2408",2018-01-01,,,,cyclone_tracks
2019116N02090,2019,12.163380281690142,87.0718309859155,5,,Cyclone,Tropical Cyclone,"12.1634, 87.0718",2019-01-01,,,,cyclone_tracks
2019160N11073,2019,18.23116883116883,68.98701298701299,3,,Cyclone,Tropical Cyclone,"18.2312, 68.9870",2019-01-01,,,,cyclone_tracks
2019218N21088,2019,22.200000000000003,84.13846153846154,-5,,Cyclone,Tropical Cyclone,"22.2000, 84.1385",2019-01-01,,,,cyclone_tracks
2019264N19071,2019,19.653333333333332,62.61555555555555,2,,Cyclone,Tropical Cyclone,"19.6533, 62.6156",2019-01-01,,,,cyclone_tracks
2019273N23070,2019,23.430769230769233,71.47692307692309,-5,,Cyclone,Tropical Cyclone,"23.4308, 71.4769",2019-01-01,,,,cyclone_tracks
2019296N15066,2019,16.410752688172042,64.05591397849462,4,,Cyclone,Tropical Cyclone,"16.4108, 64.0559",2019-01-01,,,,cyclone_tracks
2019301N05081,2019,15.887387387387387,70.26666666666667,3,,Cyclone,Tropical Cyclone,"15.8874, 70.2667",2019-01-01,,,,cyclone_tracks
2019302N11118,2019,15.40625,95.15625,3,,Cyclone,Tropical Cyclone,"15.4062, 95.1562",2019-01-01,,,,cyclone_tracks
2019335N05058,2019,7.082456140350877,55.08421052631579,0,,Cyclone,Tropical Cyclone,"7.0825, 55.0842",2019-01-01,,,,cyclone_tracks
2019337N11072,2019,14.290322580645162,68.54516129032258,0,,Cyclone,Tropical Cyclone,"14.2903, 68.5452",2019-01-01,,,,cyclone_tracks
2019342N09062,2019,10.313333333333333,59.06666666666667,-5,,Cyclone,Tropical Cyclone,"10.3133, 59.0667",2019-01-01,,,,cyclone_tracks
2020136N10088,2020,15.401960784313726,87.13921568627451,5,,Cyclone,Tropical Cyclone,"15.4020, 87.1392",2020-01-01,,,,cyclone_tracks
2020150N17054,2020,17.145,53.855,-5,,Cyclone,Tropical Cyclone,"17.1450, 53.8550",2020-01-01,,,,cyclone_tracks
2020153N13072,2020,16.541379310344826,72.56896551724138,2,,Cyclone,Tropical Cyclone,"16.5414, 72.5690",2020-01-01,,,,cyclone_tracks
2020285N15087,2020,16.474074074074075,82.88888888888889,-5,,Cyclone,Tropical Cyclone,"16.4741, 82.8889",2020-01-01,,,,cyclone_tracks
2020291N18069,2020,17.8,66.37857142857142,-5,,Cyclone,Tropical Cyclone,"17.8000, 66.3786",2020-01-01,,,,cyclone_tracks
2020296N19087,2020,21.107142857142858,88.18571428571428,-5,,Cyclone,Tropical Cyclone,"21.1071, 88.1857",2020-01-01,,,,cyclone_tracks
2020326N11063,2020,10.996969696969696,52.92424242424242,3,,Cyclone,Tropical Cyclone,"10.9970, 52.9242",2020-01-01,,,,cyclone_tracks
2020327N08086,2020,11.13720930232558,82.24418604651163,1,,Cyclone,Tropical Cyclone,"11.1372, 82.2442",2020-01-01,,,,cyclone_tracks
2020335N06090,2020,8.406382978723405,83.04893617021277,0,,Cyclone,Tropical Cyclone,"8.4064, 83.0489",2020-01-01,,,,cyclone_tracks
2020353N06129,2020,8.616216216216216,112.21621621621621,-1,,Cyclone,Tropical Cyclone,"8.6162, 112.2162",2020-01-01,,,,cyclone_tracks
2021092N11096,2021,11.97,96.91,-5,,Cyclone,Tropical Cyclone,"11.9700, 96.9100",2021-01-01,,,,cyclone_tracks
2021133N10071,2021,16.622448979591837,72.2530612244898,4,,Cyclone,Tropical Cyclone,"16.6224, 72.2531",2021-01-01,,,,cyclone_tracks
2021143N15090,2021,19.42820512820513,87.8974358974359,1,,Cyclone,Tropical Cyclone,"19.4282, 87.8974",2021-01-01,,,,cyclone_tracks
2021256N20087,2021,21.54736842105263,84.92631578947368,-5,,Cyclone,Tropical Cyclone,"21.5474, 84.9263",2021-01-01,,,,cyclone_tracks
2021264N13119,2021,14.092,110.11200000000001,-1,,Cyclone,Tropical Cyclone,"14.0920, 110.1120",2021-01-01,,,,cyclone_tracks
2021267N18094,2021,21.094117647058823,74.35411764705883,1,,Cyclone,Tropical Cyclone,"21.0941, 74.3541",2021-01-01,,,,cyclone_tracks
2021280N14068,2021,14.464285714285714,66.56428571428572,-5,,Cyclone,Tropical Cyclone,"14.4643, 66.5643",2021-01-01,,,,cyclone_tracks
2021312N07090,2021,10.220689655172412,84.99310344827587,0,,Cyclone,Tropical Cyclone,"10.2207, 84.9931",2021-01-01,,,,cyclone_tracks
2021322N11082,2021,11.911111111111111,80.8111111111111,-5,,Cyclone,Tropical Cyclone,"11.9111, 80.8111",2021-01-01,,,,cyclone_tracks
2021335N08096,2021,14.328888888888887,88.16888888888889,0,,Cyclone,Tropical Cyclone,"14.3289, 88.1689",2021-01-01,,,,cyclone_tracks
2022062N06085,2022,9.893548387096773,82.90322580645162,0,,Cyclone,Tropical Cyclone,"9.8935, 82.9032",2022-01-01,,,,cyclone_tracks
2022079N10093,2022,13.668,93.82,-5,,Cyclone,Tropical Cyclone,"13.6680, 93.8200",2022-01-01,,,,cyclone_tracks
2022126N07095,2022,12.742857142857142,86.22063492063492,1,,Cyclone,Tropical Cyclone,"12.7429, 86.2206",2022-01-01,,,,cyclone_tracks
2022140N16097,2022,16.883333333333333,97.66666666666667,-5,,Cyclone,Tropical Cyclone,"16.8833, 97.6667",2022-01-01,,,,cyclone_tracks
2022197N22069,2022,22.692857142857143,68.16428571428571,-5,,Cyclone,Tropical Cyclone,"22.6929, 68.1643",2022-01-01,,,,cyclone_tracks
2022221N21086,2022,21.116666666666667,84.48333333333333,-5,,Cyclone,Tropical Cyclone,"21.1167, 84.4833",2022-01-01,,,,cyclone_tracks
2022224N22067,2022,22.105,65.44,0,,Cyclone,Tropical Cyclone,"22.1050, 65.4400",2022-01-01,,,,cyclone_tracks
2022226N22088,2022,22.961111111111112,81.87222222222222,-5,,Cyclone,Tropical Cyclone,"22.9611, 81.8722",2022-01-01,,,,cyclone_tracks
2022230N18095,2022,22.297777777777778,85.06222222222223,0,,Cyclone,Tropical Cyclone,"22.2978, 85.0622",2022-01-01,,,,cyclone_tracks
2022254N20085,2022,20.01111111111111,82.27777777777777,-5,,Cyclone,Tropical Cyclone,"20.0111, 82.2778",2022-01-01,,,,cyclone_tracks
2022295N13093,2022,17.055555555555557,90.02222222222223,0,,Cyclone,Tropical Cyclone,"17.0556, 90.0222",2022-01-01,,,,cyclone_tracks
2022324N10086,2022,11.794117647058824,83.7,-5,,Cyclone,Tropical Cyclone,"11.7941, 83.7000",2022-01-01,,,,cyclone_tracks
2022338N05100,2022,9.173584905660377,87.49245283018868,0,,Cyclone,Tropical Cyclone,"9.1736, 87.4925",2022-01-01,,,,cyclone_tracks
2022347N12074,2022,13.39056603773585,65.48113207547169,0,,Cyclone,Tropical Cyclone,"13.3906, 65.4811",2022-01-01,,,,cyclone_tracks
2022356N09085,2022,9.899999999999999,83.96538461538461,-5,,Cyclone,Tropical Cyclone,"9.9000, 83.9654",2022-01-01,,,,cyclone_tracks
2023030N08087,2023,7.964285714285714,83.34642857142856,-5,,Cyclone,Tropical Cyclone,"7.9643, 83.3464",2023-01-01,,,,cyclone_tracks
2023129N08091,2023,13.650980392156864,89.97450980392156,5,,Cyclone,Tropical Cyclone,"13.6510, 89.9745",2023-01-01,,,,cyclone_tracks
2023156N10067,2023,18.846017699115045,68.07256637168142,3,,Cyclone,Tropical Cyclone,"18.8460, 68.0726",2023-01-01,,,,cyclone_tracks
2023160N20092,2023,20.186666666666667,91.63333333333334,0,,Cyclone,Tropical Cyclone,"20.1867, 91.6333",2023-01-01,,,,cyclone_tracks
2023212N19090,2023,21.270967741935483,88.63225806451612,0,,Cyclone,Tropical Cyclone,"21.2710, 88.6323",2023-01-01,,,,cyclone_tracks
2023273N16073,2023,16.6125,73.35,-5,,Cyclone,Tropical Cyclone,"16.6125, 73.3500",2023-01-01,,,,cyclone_tracks
2023292N11063,2023,12.29767441860465,56.77906976744186,3,,Cyclone,Tropical Cyclone,"12.2977, 56.7791",2023-01-01,,,,cyclone_tracks
2023293N12089,2023,16.934146341463414,88.17073170731707,2,,Cyclone,Tropical Cyclone,"16.9341, 88.1707",2023-01-01,,,,cyclone_tracks
2023317N10094,2023,16.464102564102564,89.05897435897437,0,,Cyclone,Tropical Cyclone,"16.4641, 89.0590",2023-01-01,,,,cyclone_tracks
2023334N08088,2023,12.20204081632653,82.8530612244898,1,,Cyclone,Tropical Cyclone,"12.2020, 82.8531",2023-01-01,,,,cyclone_tracks
2024145N14087,2024,19.64,89.35499999999999,0,,Cyclone,Tropical Cyclone,"19.6400, 89.3550",2024-01-01,,,,cyclone_tracks
2024201N19086,2024,19.45,85.67999999999999,-5,,Cyclone,Tropical Cyclone,"19.4500, 85.6800",2024-01-01,,,,cyclone_tracks
2024216N24085,2024,25.55185185185185,79.82962962962964,-5,,Cyclone,Tropical Cyclone,"25.5519, 79.8296",2024-01-01,,,,cyclone_tracks
2024238N25077,2024,23.098666666666666,67.90666666666667,0,,Cyclone,Tropical Cyclone,"23.0987, 67.9067",2024-01-01,,,,cyclone_tracks
2024244N18085,2024,18.663157894736845,82.3,-5,,Cyclone,Tropical Cyclone,"18.6632, 82.3000",2024-01-01,,,,cyclone_tracks
2024252N18087,2024,19.878947368421052,85.39999999999999,-5,,Cyclone,Tropical Cyclone,"19.8789, 85.4000",2024-01-01,,,,cyclone_tracks
2024255N24080,2024,26.45625,79.1,-5,,Cyclone,Tropical Cyclone,"26.4563, 79.1000",2024-01-01,,,,cyclone_tracks
2024258N22091,2024,22.97714285714286,86.58571428571429,-5,,Cyclone,Tropical Cyclone,"22.9771, 86.5857",2024-01-01,,,,cyclone_tracks
2024288N16065,2024,16.317647058823532,62.38823529411764,-5,,Cyclone,Tropical Cyclone,"16.3176, 62.3882",2024-01-01,,,,cyclone_tracks
2024290N11084,2024,12.336363636363636,82.89090909090909,-5,,Cyclone,Tropical Cyclone,"12.3364, 82.8909",2024-01-01,,,,cyclone_tracks
2024295N15092,2024,17.953846153846154,89.1076923076923,1,,Cyclone,Tropical Cyclone,"17.9538, 89.1077",2024-01-01,,,,cyclone_tracks
2024329N04089,2024,9.597701149425287,80.65057471264369,0,,Cyclone,Tropical Cyclone,"9.5977, 80.6506",2024-01-01,,,,cyclone_tracks
2024356N14084,2024,13.9,84.0,-5,,Cyclone,Tropical Cyclone,"13.9000, 84.0000",2024-01-01,,,,cyclone_tracks
2025144N17073,2025,17.142857142857142,73.94285714285715,-5,,Cyclone,Tropical Cyclone,"17.1429, 73.9429",2025-01-01,,,,cyclone_tracks
2025149N21088,2025,22.827272727272728,88.97272727272728,-5,,Cyclone,Tropical Cyclone,"22.8273, 88.9727",2025-01-01,,,,cyclone_tracks
2025195N23089,2025,23.442857142857143,88.02857142857144,-5,,Cyclone,Tropical Cyclone,"23.4429, 88.0286",2025-01-01,,,,cyclone_tracks
2025196N27075,2025,28.483333333333334,74.23333333333333,-5,,Cyclone,Tropical Cyclone,"28.4833, 74.2333",2025-01-01,,,,cyclone_tracks
2025198N25082,2025,26.569565217391304,77.48695652173913,-5,,Cyclone,Tropical Cyclone,"26.5696, 77.4870",2025-01-01,,,,cyclone_tracks
2025206N21090,2025,22.80666666666667,85.24666666666667,-5,,Cyclone,Tropical Cyclone,"22.8067, 85.2467",2025-01-01,,,,cyclone_tracks
2025231N19085,2025,19.3,84.55714285714285,-5,,Cyclone,Tropical Cyclone,"19.3000, 84.5571",2025-01-01,,,,cyclone_tracks
2025233N15126,2025,17.829166666666666,111.21666666666665,2,,Cyclone,Tropical Cyclone,"17.8292, 111.2167",2025-01-01,,,,cyclone_tracks
2025250N25073,2025,24.96969696969697,68.78181818181818,-5,,Cyclone,Tropical Cyclone,"24.9697, 68.7818",2025-01-01,,,,cyclone_tracks
2025266N11137,2025,15.36176470588235,116.45,1,,Cyclone,Tropical Cyclone,"15.3618, 116.4500",2025-01-01,,,,cyclone_tracks
2025270N19086,2025,19.63076923076923,82.63846153846154,-5,,Cyclone,Tropical Cyclone,"19.6308, 82.6385",2025-01-01,,,,cyclone_tracks
2025274N16087,2025,18.41764705882353,85.10588235294118,0,,Cyclone,Tropical Cyclone,"18.4176, 85.1059",2025-01-01,,,,cyclone_tracks
2025275N22068,2025,20.79574468085106,63.95744680851064,1,,Cyclone,Tropical Cyclone,"20.7957, 63.9574",2025-01-01,,,,cyclone_tracks
2025295N09068,2025,15.568354430379747,68.35949367088607,-5,,Cyclone,Tropical Cyclone,"15.5684, 68.3595",2025-01-01,,,,cyclone_tracks
2025298N11089,2025,13.756410256410257,84.5,0,,Cyclone,Tropical Cyclone,"13.7564, 84.5000",2025-01-01,,,,cyclone_tracks
2025329N05100,2025,4.583333333333333,102.46666666666667,0,,Cyclone,Tropical Cyclone,"4.5833, 102.4667",2025-01-01,,,,cyclone_tracks
2025331N06083,2025,10.248979591836735,81.00816326530612,0,,Cyclone,Tropical Cyclone,"10.2490, 81.0082",2025-01-01,,,,cyclone_tracks
